Avg_Distance_From_Center_KM,Population_Density_Per_SqKM,Avg_Household_Income,Num_Nearby_Amenities,Public_Transport_Accessibility,Traffic_Congestion_Index,Bike_Lane_Density,Work_From_Home_Percentage,Avg_Car_Ownership,Road_Quality_Index,Avg_Commute_Time_Minutes
11.861663446573512,6599.300638465734,42374.864260311915,5,0.7505019247653135,0.6988458531609044,0.2526490939608851,0.21682766697819444,1.8944088161329837,0.22889460484661361,23.924277128049432
28.57071488588757,1299.3296674529638,138306.348801548,18,0.7995371309195156,0.40255004359698054,0.005082139818025966,0.021830828853680595,1.2983903200085603,0.232645538562681,16.002807940038636
22.227824312530746,2035.4727838988308,90630.28469374285,28,0.8251326766927972,0.2180231074940865,0.6957142928497502,0.08083627207340133,1.3713980798941967,0.22080262978563914,6.121643041676139
18.361096041714063,9036.264791007254,129174.895932929,42,0.1864049867881441,0.6450541677693294,0.04878358167317309,0.01043056964576905,0.6344395087324132,0.1737525956622945,16.7840306287599
5.524540572830659,6261.076066766104,68405.9521236734,22,0.23569174606499976,0.4217039345532818,0.5326025194007621,0.32663150961866505,1.5764536788629444,0.6557236725616563,7.031164185255035
5.523841089749877,587.3719903579816,137462.78741954407,21,0.6337585637201772,0.1322762111253304,0.9621219725920498,0.16615731267755446,1.0998578102062342,0.8480158852494014,-9.835874216445655
2.6844247528777845,1463.9796572273049,76704.20144809957,6,0.907866130462516,0.9005723012363857,0.10946886005445389,0.27123931785968375,1.9650878579938684,0.7243174696766612,18.955114605732767
26.11910822747312,6803.26680652653,31300.518177635804,1,0.3161965822964946,0.6912218576096544,0.8944799309680674,0.24663842339189979,1.7347610233934905,0.7920936337605432,24.834159933942242
18.432335340553056,548.0850465390776,138645.83717031166,5,0.5883066757950567,0.6831838564454814,0.9914753351450482,0.04076324477621335,1.2837215607741774,0.4047984290851998,13.036194300788805
21.53410475608532,2027.6764884662373,40954.40121433603,41,0.6829820634171324,0.8225838759116739,0.06151702623923505,0.2016306805619159,0.6848339812582491,0.6540757953719981,17.40504353421691
1.596950334578271,5712.970998982568,68317.63651084978,12,0.45194860129903924,0.5296616786550811,0.8829062691374613,0.11028056246116164,1.7891236899208838,0.35423624044477453,11.665287291526276
29.127385712697837,7073.004378080586,144007.43604609658,26,0.713782454855326,0.8150544284024571,0.5160790204436166,0.20919989433382635,1.6996716431360324,0.52550462196864,17.990357449483085
25.14083658321223,6693.631965274705,144072.85763250673,46,0.8996674452921731,0.49809075351100573,0.90651371944458,0.10178914017112134,0.7768776943055495,0.4816348465348623,4.237218937545249
7.157834209670009,2630.558439875318,98812.54657479434,34,0.6241015441818376,0.06717539991571009,0.5713189419195741,0.42022620313846676,0.9429174338304651,0.1768871451438544,-9.259717473013165
6.272924049005918,7265.702602801591,105820.46546037591,49,0.539781061914633,0.40524808802768875,0.6621120101065646,0.08709666828912682,1.6901108872217558,0.3870787603356308,4.8193394320801985
6.3187307857495805,2753.866331219601,83813.46263739836,14,0.43874467538833906,0.4974648939798906,0.5437789079973993,0.48039027574348847,0.7778426698211145,0.963822275482351,-1.034285190607723
9.823025045826594,3591.2971325130434,65185.292603767746,26,0.5774862709061257,0.7202025816322958,0.8644928803073485,0.2079536830734704,1.876628733757066,0.24858025771494208,10.17060299798547
16.2179365173349,7591.66834862123,69439.74544438992,45,0.3553624518183959,0.10657873012867436,0.7339099189537017,0.42312264600952465,1.1367911377945428,0.13380373627948872,2.32741406378609
13.526405540621358,6671.512540948539,110702.21472924462,27,0.3914821102015019,0.140018538660449,0.5212603121804149,0.31438240910297255,0.630558443881488,0.4185806216239353,-0.8871540408130372
9.445645065743216,8567.62239969469,120284.9435325216,9,0.531857479688174,0.26368380263461644,0.8681608040515469,0.3676751493328763,1.7236229652564212,0.7903377358601481,-0.8888511315384053
18.743733946949003,6747.322476853262,124989.48524710182,26,0.06661911239081697,0.2664983933708822,0.24528553225533456,0.38386194403339013,1.0602645245575815,0.5821482297799723,6.9097483543056795
5.045321958909213,5898.93173168698,124754.17713534647,47,0.22902539092479635,0.7321845784590624,0.15734065970252598,0.2524224409465089,1.2897487912306715,0.6809748272382445,6.638479617598373
9.472194807521326,1389.9102943668786,40944.73236584284,22,0.5428493106134089,0.25073066056159776,0.1604001053300721,0.2716502616816442,0.6684565166168288,0.1896948481746772,5.635477001824774
11.62449345551706,3993.3001290646184,89330.43656430978,47,0.4315281431364426,0.6330980633574476,0.3340088787452379,0.2569979339043625,0.5038760222674736,0.6189481930077215,7.340781726696591
14.226029542294041,3019.422492976392,36907.05120199731,30,0.3328157859124843,0.4942738501382714,0.2386900313010175,0.2940291890450396,1.4569778086899465,0.32350039491147375,13.90246685557048
23.770102880397395,2817.901612101294,95943.46587884826,43,0.7305491368093014,0.5732943781794007,0.9300903505097387,0.014697222878253646,1.2727627555005974,0.8343033659547675,8.545068550281625
6.790539682592432,9743.600270148232,82983.66016480525,48,0.6937176074033384,0.8381069631782958,0.105834093828584,0.19775758492450762,1.3903078536847207,0.6292988060107362,11.417130727307306
15.912798713994736,4234.428384334224,136524.50193099596,17,0.16673075999338316,0.4043815015490243,0.6989907380395877,0.30309435678058577,1.6906157755707745,0.1988562777752959,16.748570322972334
18.180022496999232,8974.442274182577,72109.80150624944,26,0.8786291153734382,0.7709113770642705,0.1892215397850059,0.29886178262793217,1.4699088701342902,0.06461667984408614,19.595880709580964
2.347061968879934,6495.816946973998,44048.041971312705,36,0.49542362640396564,0.42203605955068735,0.8816371327703502,0.3964780473028158,0.7621601642410658,0.042633209287032736,-2.15496688458068
18.618800705141712,8050.70738364566,47159.0018463403,1,0.7414609111390454,0.35387137656124945,0.9613152881849074,0.3275046694160543,1.0411587786658998,0.37140856765014074,8.19402795742767
5.945199586931454,5275.052384499325,121381.27580609667,8,0.5731508492573887,0.9586271773132206,0.46547000876998357,0.4960666581703362,1.8588366571816406,0.2658511366543135,12.99560419110854
2.886496196573106,5980.586903950411,104186.16759795132,49,0.9976926159238433,0.1843709206789632,0.8790714802281316,0.1419272643043225,1.6549170503775184,0.646090123462508,-8.692024126651631
28.517680580346664,5178.918091279207,42134.72113473483,35,0.7524031200388227,0.09033696057760787,0.005145170754714767,0.17957551483311573,1.334955586905076,0.4993338349786183,14.16042659834497
29.00332895916222,2354.8083840814224,40092.81673379969,15,0.706980461243459,0.7709859255354785,0.8199469174081001,0.19192357593389814,0.8834674967139085,0.2660192780053807,25.010272496905323
24.443523095377373,7363.295094984301,114116.2957750944,47,0.7785719390507511,0.06824970535409158,0.22862516152492351,0.23290640351012426,0.9530907527521926,0.14923777795017612,3.148413023239615
9.83379930602775,3167.3374431881302,38731.56076370322,22,0.14312798554846962,0.8370789907030294,0.9087013092693679,0.4179990318906047,1.5979371013784518,0.1271997626874496,18.870720434189284
3.8324913061851325,731.0016810988114,128623.20711484275,14,0.20454459316946327,0.4371933963572435,0.001120111480109487,0.11789604697960493,1.7767613912791562,0.8646603921404177,6.630747916379391
20.84275776885255,6631.986811118094,114749.06725877954,26,0.7140640822236142,0.915513677291914,0.556181735039757,0.38800010351771475,1.5071370042959216,0.24347796840486724,15.773732308542368
13.764422318448437,2182.551454366965,39761.853677027975,28,0.49398148713086265,0.7215328611219056,0.7566358037849347,0.2026550915428717,1.7142949636526628,0.6517106479109683,10.693973397296993
4.539108810498586,9434.356551352686,40180.52569022303,23,0.7546352918601166,0.6104046670079576,0.258688330697908,0.30092769183100426,1.649984202800609,0.8106859279862663,9.847188525719373
15.360130393226836,9562.32148152458,148396.74942014104,14,0.10291603074414502,0.9493067970577657,0.19313286458729306,0.31627026661315305,0.7245559519354365,0.6140813111847361,18.991770681709397
1.9972671123413335,9191.21170709426,74912.49549073444,24,0.5364813514845947,0.3966493730520543,0.08409822446798465,0.18642431859446723,1.135917219369953,0.8595652316469458,4.255761861775203
27.37029166028468,4016.507652426722,74477.05764802691,2,0.3788215655569157,0.9540869365396331,0.32643357650329297,0.2563076026029026,0.729475701242844,0.3923937215284745,30.8026957487031
8.504619466400491,646.8378570242405,127535.94807090031,45,0.45700021928167833,0.13500127742120693,0.5598443123088295,0.2065155873238485,0.8528533772029772,0.9562221906489483,-8.61119094324266
20.213146246265477,9319.026344583392,143669.82928606303,26,0.6039578720725125,0.48375494193241275,0.11584385678025766,0.03456639309330972,1.8038894369765788,0.13314500417809694,17.611266579795384
10.039621206592917,4567.749409014486,148320.12765874452,14,0.5022883474625301,0.2699112223921949,0.37669536198679876,0.21858269440841327,1.2093379484497733,0.1021495296575381,2.573917785427395
16.081972614156513,9683.22078091486,120405.38223107299,7,0.5398606371128367,0.5398427789081934,0.009072404652724964,0.048696696276776086,1.3030371527639912,0.6586921462074435,14.684515693058128
16.85459810095511,9654.389782347902,75151.15026370989,3,0.4863574819956078,0.1620138778915846,0.8186794204998418,0.20251039954016076,0.7676689478416582,0.9428311414132617,3.1745110125894977
6.360779210240284,8603.58982693992,40020.08600384025,47,0.4089551770854932,0.8415296603100434,0.12844871809319136,0.2964591999158909,0.968407679073194,0.8088834616363281,11.922821159796898
29.117954205172197,3297.264474661064,123257.62991129242,23,0.7718819805982451,0.8464078493145573,0.2833429482655816,0.2897074496717504,0.8453692526418048,0.07641685943805143,19.528116629263987
23.478851877472323,4158.42842171829,97008.50996829661,46,0.012203072318044517,0.955236312723479,0.01842771873821747,0.3313106395041602,0.8092792467776396,0.2793677139347164,25.895217770378522
28.245469305361485,8585.79837941014,80906.64110963716,43,0.598442701205227,0.15467214088323622,0.4322407838925123,0.047630753977313145,1.4569411899739553,0.9303188848378237,10.513258699320495
26.949993162401817,3510.759048984638,138762.52621136833,47,0.5655083473229738,0.6233325509049907,0.8401215027412188,0.32606162276521894,0.8853257714685723,0.25305843280078455,8.314303556721484
18.339099385521468,2110.1810935178787,43343.69787673816,45,0.7161790747329522,0.4742373087003696,0.3921512114451966,0.15607402834822354,1.4480232290306276,0.7811704237869193,9.716048985359743
27.734352815670388,5789.611993354327,89115.0125149031,18,0.5990293647773265,0.3443837320442332,0.1794973234238334,0.19952297306855554,0.5876819211628308,0.8251321959287038,10.498355928459645
3.5662825595056655,9393.470354527419,31362.437372090288,38,0.8267988278090783,0.3515401611342188,0.7536988340505192,0.4289931269613529,0.7126615902906528,0.4954521034609818,-3.5347528073526377
6.683503010155211,7112.283068412244,86239.27703929515,35,0.9590747945640278,0.41279355060675227,0.7888069818707443,0.004515202064775126,0.9118103810001881,0.3863489098483155,-1.9343341013921065
2.3115913784056037,5915.581115848967,36756.39308182048,15,0.3425242571785434,0.704925549688953,0.1737534753075668,0.2942063166703027,1.3955703753435376,0.45012443241975963,13.563554967964887
10.434579592134666,1423.1766908223012,44258.149952168635,25,0.22735098302998702,0.5982860582681546,0.7708541085409898,0.2993569900500538,1.513761867631064,0.22696469436536415,13.956334837182656
12.271641400994978,6342.568653642113,44103.149613252586,37,0.4235968624204829,0.4596815127611311,0.947297888256338,0.198329888171781,1.1640754501692907,0.8893909161288442,7.582330929450356
8.869121921442982,9905.511575990502,107905.23625392762,28,0.2879296164757261,0.07593341036962209,0.16637758693227234,0.11851392855416809,1.1686863718658436,0.4506196567297579,6.509139300943656
25.03338776540595,1830.7981447469783,119525.38551185079,10,0.6149502631526544,0.07776534407895708,0.7709842925321355,0.11733701913077554,1.586775277097927,0.8824594404560998,1.995080573506368
11.345846474114088,5424.131697455499,100004.25181165915,39,0.9118524088429647,0.0023393906257782593,0.7085720046026294,0.4418548348303763,0.5237316376483736,0.10569347990627409,-14.818433272440572
9.147100780934043,8835.044183315576,145460.70581694503,17,0.13911619414306187,0.9676993882070865,0.4735738884350885,0.22101218689142876,1.011635036711331,0.9882752710001314,14.648059284724411
16.738186411589204,7537.301868664942,74984.46954284448,39,0.1007946030158865,0.005253818558384915,0.05792046055879829,0.16544468149458597,1.7280605856788491,0.44327308744361826,10.272530822100096
5.0868025242681165,7121.649539455046,64285.45035382329,22,0.2560155318536622,0.10309374601374488,0.07469441775785401,0.22438878691570152,1.4048291153200583,0.04783082039410547,8.084583947920144
24.26371244186715,7173.598797877538,134231.89538273524,26,0.7260955860624008,0.3145965568094109,0.8524146591986477,0.3346952007296807,1.0058406991331306,0.038021848237454914,3.0163995411341378
3.1619686667133537,3915.165936587674,56831.500622334315,44,0.5929629052588216,0.8074302518167612,0.990148372750647,0.07287828412237585,1.858287188494511,0.7462072574818386,7.704558756433175
29.619721161415,3289.122520512687,145586.70473287336,25,0.10221266422519959,0.9620987857641177,0.6760522571867544,0.22471691760686885,1.6589340911740738,0.6590355342036808,28.227523298262227
23.395098309603064,8188.930977045879,31458.536962777962,17,0.9187505222607465,0.7900135587918561,0.44595830701032146,0.29394218555519347,0.8973431708551001,0.8021305581275875,15.64632959021656
6.7627547644909995,8196.077249452217,146385.45920491667,13,0.7900846371240867,0.6905602324456406,0.6475736434019076,0.4742916774257169,1.4679347562885754,0.10536753395280596,7.177563540572023
1.1601413965844696,8737.187026510985,35179.189434069136,20,0.023022604787637513,0.5213006674135694,0.5943958592285453,0.12626389103770963,1.393626092283435,0.03557086703554835,16.42099475573527
24.64838142519019,9175.785249286477,136937.17364376853,25,0.6513672109882461,0.0867052118621836,0.3836122604056218,0.17962537395812278,1.1017818710584741,0.5085792894475785,4.477799244408109
21.498862971580895,5357.752789178909,93324.13309035599,4,0.771246668519738,0.9581707930039304,0.06562614457401295,0.1896792949612119,1.050434118807201,0.38759523148276953,23.550257356458008
22.14120787318863,5264.404799528396,149155.77553431602,10,0.374435369720422,0.7583924139456815,0.821512947407441,0.3027690788224414,1.0153407121635558,0.46194693667095577,19.905624090878554
23.366840053892428,8083.804200184364,38855.58776824786,3,0.06892153936721879,0.6389493853342618,0.3718335292387246,0.17836602652000083,1.4257336750934702,0.991588408870274,24.19119582810014
3.1472949002886206,6674.657342388769,96462.5141281585,41,0.07732106548878726,0.7590358455388498,0.8187856433570937,0.2667559626498478,1.1636149047210043,0.9707499576706702,8.14995029334166
11.395506127783905,7168.685333948182,146316.30427429188,45,0.1042469660518095,0.7241033292731386,0.2525087496883822,0.3908951649225147,1.7477946698771332,0.9423153896731928,9.354924337723284
4.360202726228762,8060.03035964296,92771.74130041787,18,0.8404396319804229,0.6372315797894869,0.0010294798456333965,0.3526927970561018,1.5044039242009428,0.7838426767676738,3.8115481219415472
26.029999350392213,8955.05074726688,105527.83657623151,47,0.9106861982557131,0.9805768001799882,0.15893828327675652,0.22318432325629278,0.6048974085641512,0.3548413602568904,16.447841337212537
19.07564567799918,3710.95399008959,113489.84267815406,36,0.1228107818457338,0.9033638126360249,0.46853941676858435,0.43210808883708446,1.4602523357422492,0.4121309302627716,24.30907026678368
10.596042720726826,4068.038050079468,84544.9277721328,47,0.2359060345950812,0.6466649191171634,0.9443036349578299,0.27907012479693144,0.9067211547502771,0.5496160437189245,7.152911806463514
2.8431921582946855,1392.8284284882557,105306.96961008762,22,0.16552051036728976,0.6931752114569247,0.10219361969371898,0.26995291975110625,1.389217987480134,0.8305344564048399,9.705793789265448
10.018487329754205,5993.661339463652,100117.71743077203,34,0.18632087949412068,0.05159580665871,0.854209774461566,0.01709388296957909,1.520197896655177,0.06871283251826776,4.935741536107931
10.430316338775665,841.4516010690498,138138.9612589187,47,0.8374907890024921,0.6699174645500392,0.5270240962118621,0.4933464901785808,0.8462437837310182,0.4242968858848881,-1.6727584632407866
22.158579171803858,4923.181172258372,35453.56564097494,8,0.33214641265493894,0.044165437710100175,0.8259207657998966,0.06148540426481336,1.185287967320553,0.08261766345926869,11.345720958112198
19.48916666930118,5655.124029721978,63715.58275106764,40,0.3114442640456412,0.588263756969931,0.2983744309899926,0.1155654562138233,0.7854872942286018,0.5146575865735116,12.688513208622414
26.72916953471347,3222.141895218702,144049.37808918703,49,0.22739562087711263,0.9993534995658349,0.8399471646724719,0.02584841862076348,0.5785083136797624,0.8989008240062354,21.114346242787043
14.69423282969653,6112.915975405602,136831.65406690998,44,0.6078943937942587,0.5558065814371796,0.7728227800168045,0.32000148341845686,1.0677146352288036,0.7824849245639379,1.535669076320155
4.46823313221075,789.7523744209695,84678.81033428555,19,0.37930569838554884,0.4732101180813334,0.23005368303143392,0.11235058848634,1.044416407768988,0.22784241754310997,13.006869062649672
21.684098829466855,854.8077931175369,104415.91173618441,42,0.7442496518432888,0.31285485650558753,0.13133512640937806,0.09000521873636175,1.9932207360563856,0.9759908495987925,10.731400072874042
23.062766409890024,8314.705326266754,63285.741957735925,41,0.2055798083756375,0.12052257878646444,0.8680543225322929,0.044277792111620695,1.1695285267964632,0.6673503980464284,9.283700691152392
17.27703872951539,3921.8110934069973,52574.53916685136,37,0.7877898887144924,0.7310236714582816,0.9632366534401319,0.05165447856200783,1.0003543242083006,0.010427699397403067,13.191044471776348
23.358048218682267,1707.0748701929053,85643.80859279787,6,0.603721531730139,0.19259902778563043,0.03130231374751624,0.29233535022129437,1.370712510075012,0.2554134846852195,10.088245333416353
15.320072294567332,5461.310970520642,72402.26736312633,26,0.11426730005568775,0.11528202124728437,0.7312700669736856,0.3441039329332977,0.6331510911616527,0.26071329991991654,2.4783586235986053
16.159252052077825,7814.938754436803,100038.73342210465,34,0.4145045842036277,0.4217626597305125,0.9095245109478184,0.1986894942322005,1.9424986039322198,0.06925430628585993,10.332509385710374
13.39868953239794,2550.29976122001,39328.156435798184,45,0.863518140612957,0.7953418379590974,0.8573600920924986,0.2399485407960366,1.4524400683865497,0.959826518075929,9.836784918175193
1.7371546755787604,6417.459520280502,146927.37691994,6,0.9229602317984849,0.7450645481202204,0.9645204722702085,0.34298386799149205,1.6322567299112716,0.47825529457592375,5.018514219045025
4.128851382805829,1310.800917440796,148345.28933755233,37,0.4657001223188132,0.054882614646474925,0.7600940784380972,0.008689895092739819,0.7557169072608763,0.895814597371882,-12.59078993989643
1.9114463849152932,990.9763511017732,113779.40568236941,33,0.48083697808907355,0.4551436850361561,0.44229876238091026,0.16156532853513927,1.1142167795078057,0.32221550344462835,3.3821956911240756
19.45590192664963,5547.868999897406,94331.56396129445,22,0.9184547249393011,0.5224345760711689,0.31195199049513045,0.4865488740351732,1.1340336700942844,0.12523357043282712,6.870597602326393
10.116323451213473,5636.033655296012,67143.31395435933,21,0.5870682241365672,0.6445466506258222,0.32074274043812745,0.290056114847734,1.73270966585163,0.4743361099062139,13.367509417213542
15.74855004377638,6555.584064232962,127655.40236483385,6,0.03284667024343835,0.6501673504432282,0.724422672614117,0.12711228994874663,0.5018550196391142,0.11395663471431716,14.638271309435016
27.319427743856696,7397.8676703652845,112167.74070646551,6,0.9127494628791288,0.36469724945730586,0.7458370120309643,0.26086502331810657,0.9512796625298826,0.4860155029775399,3.0797833982812337
8.229474645317374,9770.594754894079,49514.03272138696,48,0.2482264427571519,0.560677194003514,0.20035914354871265,0.17132674406045767,1.9718545615164558,0.9202971812194077,14.017031657877384
12.901104768033262,5404.853308861356,139311.2621392611,4,0.5776319540915472,0.48106188384408644,0.868122813490531,0.26612249441314956,1.212329815259328,0.5207681418342127,5.183265574642899
22.91098301774841,3568.0864929418367,128704.46915078028,30,0.16551331742797382,0.8849983565232811,0.7149240402022476,0.06287075590332442,1.0737894203660123,0.6164997268950835,23.636753361648694
7.635146799257051,8054.268850302685,143975.9895950309,11,0.033879160246594986,0.5302651326349002,0.5627502863433826,0.06635732690963869,0.6797435030264696,0.1566384369738083,12.319788989927885
3.2324173850349966,3072.906386989705,117086.3410066032,30,0.3114731711327574,0.4410321617481616,0.4715324601025127,0.07177118101969643,1.9612469429420234,0.043735625879969486,11.905182077200696
9.402792134499272,4670.228496703543,103609.82351229478,31,0.7804957075460877,0.40448544968185074,0.5432328057899581,0.46990989596342086,0.5300395338887367,0.11080796217980704,-5.094497916793717
5.675417330366129,1245.3356227515264,80189.16435487426,24,0.2775871726294181,0.5724277594334657,0.15924573827926447,0.3664494591706709,1.6057703375108647,0.5985315756843657,11.719932610260484
27.96123191793462,740.8320624468463,141927.41800248157,9,0.22009721408109706,0.8039769794008976,0.2037012492762742,0.08119094733116045,1.6528997071827627,0.09501169899230466,34.06110796451739
24.435491007368093,9645.159939440287,133927.666740049,3,0.21268078434122628,0.5384014903807876,0.09116449040619168,0.09417454188280072,0.8654850740958,0.3759928899413114,21.636728876160756
19.368708938802282,8441.811144865955,35426.24041274273,31,0.5151736824068126,0.6616551750805415,0.15365803816111268,0.3654147374354382,1.507337665419556,0.550091940458156,22.759568526570355
26.272357115443814,7111.754957890131,33164.03693967024,40,0.9755413156827563,0.737855766906525,0.45369363460528267,0.07808192239608697,0.6393937165690848,0.38865279862984703,20.433203802778976
24.30649023007432,4385.052971935564,75175.60402536596,37,0.45898898801701304,0.5201681098787319,0.5303543937282561,0.11728064666741433,0.8855708996481197,0.16368380146530148,15.194363043382303
6.410531707695039,2146.296040673035,127266.39969381994,36,0.5573053688900479,0.42681705665486436,0.017861892478319374,0.4816734164101995,1.6818529824383974,0.2737913075141065,2.1602481753873515
26.884210956209355,1986.1519053753175,148473.13551779333,24,0.860632017890734,0.8766653778624495,0.7967978278640275,0.12765326236421592,1.7970292880503105,0.928317532848577,15.304163953302664
16.64092501555387,2877.3075325636555,48050.02693242338,31,0.5350697189336586,0.41750608402789213,0.2941679733434779,0.3308161751855734,1.412729618989687,0.6759822755863554,6.977579863870483
24.415764499757813,5717.6533147081445,101295.68584225622,6,0.1844628714188561,0.4619428505755876,0.9118360349599111,0.4893156437002652,1.260257647730724,0.49604783867988655,12.840998221181037
26.986647697781304,7288.661265650592,75706.90279572259,2,0.29959591176647704,0.9903413133417771,0.9675112636137777,0.18714838356989633,0.7389560309284704,0.012714889986893518,31.38520843529288
10.222100774184053,6771.875078818447,146389.72773775237,20,0.3099369262686109,0.0002375235758845795,0.18545887467665434,0.008757995431031118,0.5946635496187253,0.9924154004894702,-9.037576015631952
4.191505811302626,3159.372020986457,131054.27077628505,28,0.3973181154575979,0.18547290957672247,0.46209729076566064,0.12207364521118713,0.6764735427103379,0.6714549348946433,-7.785783062395018
7.610119713716308,9571.220166300343,130599.44456533654,11,0.4267889053367494,0.38396388991972574,0.0012318351664258875,0.41543859567085273,0.8410359501441482,0.31692247734494494,3.7493577383997474
13.386125870161433,7510.020708609801,86243.17917539644,4,0.7997820220742694,0.9325899094252529,0.598327265122427,0.43230441797751834,1.0125117528453813,0.8792686599978382,9.983048572541234
24.7224282117523,5766.363498858306,79778.34028051983,15,0.349386999049333,0.07002970574747103,0.6073064482626712,0.3842596822618956,1.071364288266481,0.2584316202918181,6.486619953652642
25.96118691443396,6311.347089226347,62808.84863168475,6,0.46823182844137934,0.009485433628498074,0.24753995560337516,0.05655490953828651,1.0194826528835053,0.5440165791827516,9.928098268970963
1.2016117854045305,4486.200593064004,36765.05959811126,49,0.6249759870510523,0.05268383597722859,0.5584126725831979,0.3977551858482016,0.8585829982958983,0.6360707637298251,-12.057044667553987
15.811671774749406,2853.4444002609957,133766.68515060638,30,0.3777259474401693,0.08854341061361815,0.22554014244373544,0.45933889849675213,1.2645863701275473,0.22106337145372845,-0.46592928829542846
13.10491909131459,3881.740447186985,127548.12109560931,38,0.8365648132923329,0.03759677320626087,0.16082546907819006,0.30030477127311805,1.7379291623493454,0.9783972788005959,-7.482427201292062
7.441126503651177,7699.538049411507,149966.12079433567,2,0.5874536042340743,0.47978132685650476,0.6515194668022647,0.4704376781690324,0.9195553077072188,0.7481919059789975,0.27676389662122824
4.476095652676801,636.7381419826808,149596.42044886865,15,0.29404467922097155,0.5807572072273277,0.3259254639520749,0.4134194418559387,1.9135805286533496,0.5578132255110699,10.110921103542404
10.79083997070521,1602.6900848157043,96651.8046723153,11,0.7140591997898282,0.2716869710690041,0.5902639388856225,0.33348575849545364,1.8100049925857717,0.18059459817530088,2.0160341858750983
28.344381413463054,937.0250992066511,122278.48982166126,8,0.5276477301447858,0.39828738397563557,0.4332467489716556,0.2885926183558741,0.7426463170281644,0.053858206998026126,7.913824926821882
10.372885028601901,886.9236220302163,143371.88758589135,26,0.5344558912572469,0.09169933511143014,0.9843514074029039,0.17428683362098524,1.6794139351356416,0.32005983252098347,-0.7451368741436828
16.044928030557617,8626.875548104568,131957.68688128938,45,0.48108794838758595,0.33637046382842206,0.14958064266756577,0.07964372262140257,1.36188107347665,0.7531873359134028,3.745324429877485
21.38754980796016,7184.749664110225,59681.77220918372,44,0.497011948821249,0.5225191916345231,0.46459859663581016,0.3024769613452704,1.349863043257128,0.26933129830202507,14.988811409473126
11.545258468999526,5004.65137632959,84065.29623721122,5,0.7653562810662407,0.7322718071846451,0.6804566263593252,0.15905577680905975,1.0865641445872616,0.5395562204955051,8.172557867817783
29.181680398907858,1429.424526184514,45499.1298181794,6,0.10298147933131552,0.003346362042979223,0.3955450838799687,0.4332193337638227,1.2517294987730145,0.7279471767307432,14.800441432402469
28.910971553321225,5170.350813609907,144486.12327104667,26,0.3343628113104822,0.4673107665376526,0.9746998518706899,0.49666846867931425,1.0957681661438166,0.10794371464646435,16.337076014060724
8.301686578935561,4997.981822415374,102740.95613410561,4,0.07550336380388922,0.2970028764548822,0.7218876279269351,0.37621388130778627,1.3095989281399143,0.6852980161158734,5.414158981881127
15.420206670879178,2145.4177641451442,57437.13666041553,19,0.7532462207474508,0.8528218216919013,0.6569838575644931,0.04524084764352537,1.4419250791589537,0.0918708877100447,20.501500401264636
9.72547098468632,4621.590667760744,110604.08212870281,20,0.27230185472029944,0.7155533152342419,0.7570592676112233,0.14434279776531905,1.5114557096135726,0.9651297421269965,11.241364581509382
9.26037433694656,4285.794976775048,104175.3888549475,33,0.8974304098188842,0.5891085344708948,0.952648638038717,0.05455481588287486,1.2987217888391394,0.4883941300649396,4.664309382106953
2.069721473281451,6350.575931496056,72979.52616394086,20,0.5265784666592938,0.2772656456967736,0.9078186529846402,0.3252558238958579,1.5821331009930977,0.15067610770987738,1.801477233339316
18.67736568541701,6533.389683242616,43626.911063955486,49,0.800749771486121,0.9103391020575343,0.7242853081264119,0.38259543227789233,0.7119170739132588,0.3423836360335465,14.517243817217775
15.577691673636982,930.3880928344229,110588.78347113595,12,0.9789314356159612,0.04510067722032318,0.7491616391012831,0.4628374154403559,0.8179737363533578,0.41341644929526145,-10.342084299023671
2.492883786249691,4058.8198389514764,92436.92410845519,47,0.8397888594565706,0.10946759867911515,0.14592207403514545,0.21908617320599383,1.7281025061114053,0.7581850110765374,-6.268708163638203
9.080747462861732,6445.669199285246,122678.20700827672,1,0.8669937600115235,0.39163014054035605,0.10279240449266569,0.45068782479422215,0.9837919667696228,0.7434237860766093,-1.7902399887154363
27.339710693032956,5279.794456510833,92419.62013343921,26,0.4079844953648447,0.12443755729685635,0.5709045018441643,0.43894557952066376,0.5343407374641804,0.611940505337331,0.6383515378509625
7.9472948293422006,8636.653491289062,132261.78003822482,14,0.5517225952593398,0.956415697559425,0.01836763694054,0.1585978583826993,0.7306867245020466,0.10593071255849296,16.799244209665016
5.20195129064547,6757.589500379978,96228.82065293826,38,0.2538885640433043,0.7979893221433834,0.48235638155159155,0.4344503127702855,0.8354216517444668,0.15156937158767358,7.904145269717433
15.194130048049328,2047.877057273582,97312.55658424635,37,0.1961130996934528,0.25898265160181366,0.2103495799188686,0.18783612594086324,1.9359843318418808,0.09375692064555663,16.08322882810527
29.58386316920742,1170.4031003040836,135198.4323190014,11,0.5055078791060338,0.5885542289732454,0.34601656764483957,0.1484346372801404,1.359562143396274,0.5771727832875501,17.73873290057499
8.019602873833513,6602.983142959998,78417.94394548764,36,0.5950489797004206,0.9823305150800816,0.7758047357929561,0.32453732939719654,1.8990961107143822,0.877138441511404,14.557806312988667
20.49193087477048,751.8574501454073,46081.82741407689,13,0.33927124589619095,0.8841989781315029,0.9412375042323865,0.16419061394254053,1.3627450257449374,0.4338005122547718,23.098111224708124
23.08696884453281,6064.868022097901,33453.92115760068,43,0.5694435177635003,0.600798446442198,0.0724162721463415,0.3151043741645721,1.2190316602067777,0.1608481739577462,19.83072674754787
7.891488775779591,9432.187293537098,120616.47068083427,3,0.887460482513503,0.9037239671752705,0.5342422059764451,0.30491590274934727,0.9705915367911441,0.558042325148967,8.052396955496647
22.11827410974393,5967.00468982085,104437.14616241575,33,0.5567215847833661,0.9891849098133589,0.8825334858196,0.2817194636742294,1.4095564166500634,0.8117522168657099,15.595198947533177
11.665710848858344,4187.614298961958,114489.57217190682,6,0.7208130963105066,0.7433528228936241,0.08250853444042128,0.19020985211639885,0.7087970369262948,0.74171206151293,11.074392906101862
19.336869087213806,6611.2380752023555,55555.69938106929,10,0.8053149673579051,0.06498640948289403,0.8245140468968338,0.2742498608257384,1.847392440939059,0.8814507796750214,2.292160117904693
19.372361612065948,4853.402459669408,46364.57707041237,5,0.9887287819554428,0.40158023642548746,0.35780135092827137,0.2982427374927108,1.7439986077119256,0.27790209724886783,13.62862741162636
16.537465838167996,5683.3594985013815,31745.359880145832,23,0.6031974021769796,0.8378257352832454,0.32209470221933534,0.2728434442477367,0.9762971718151056,0.19395386726777486,19.389464256723688
3.6184033315778406,9443.915683376988,72070.50705679163,10,0.806850148962586,0.230569195805019,0.9774663863147858,0.22220972637560077,1.9291962914019414,0.8798164859419387,-4.825452887805269
25.2237723720879,4167.975059107355,100790.12242255597,44,0.9626493185548747,0.8306425177506246,0.20085908986229417,0.007333528523131905,1.7378011511233522,0.6575603127780231,22.065465391587
10.30262188418034,9631.310356327185,77069.28541196788,2,0.9444097255772734,0.12033876203499594,0.6931939408226809,0.2935308538505755,1.4994603287525596,0.31092893000755417,1.0385499540397234
6.409036801595772,9100.831098582605,82496.9906428475,13,0.14108184877771357,0.046945357147813005,0.8214407280098664,0.08422219257135982,0.6826428666879122,0.7423480505725092,-3.164032802599506
2.1824791050881536,2360.0157804983164,138499.0433392498,40,0.406392308273522,0.38409061149124957,0.041183495279271676,0.3212879844735948,1.2173510345721084,0.8151183844803679,-2.247897532954818
18.135895352459013,1158.9323583140717,71790.65604279604,2,0.3239900611067996,0.036731937426613626,0.6703854583544122,0.379672163961433,1.2591613322701263,0.6149782403411324,6.045351741969842
20.64936649342619,1457.3910130855531,91678.7386991773,20,0.08692501495034932,0.9572702629833256,0.951549974355327,0.25022265456537074,0.8488270375480702,0.6878841098799151,19.793302072411443
1.4810470389078283,673.1073436897225,124038.36152893717,1,0.6332407749109605,0.8262056957939659,0.12421996672805935,0.27118183248986916,0.6199480915389529,0.3752599044426663,6.984376110707082
15.850698690679149,1397.20812718132,77585.13387855241,37,0.7359046131960023,0.8007696871298751,0.8962213026850383,0.4757392798329956,1.665085445707539,0.5386956673430391,11.022875654849663
7.5683774807402004,6988.56434745539,104650.40402734482,9,0.8481280954668835,0.6297779229961531,0.5947766373769361,0.4235836806862871,0.6830525781865926,0.5241591707261622,0.13136739544805331
19.710010921874044,1176.2921603721754,133483.64504960942,17,0.1227768896627085,0.21632402303655351,0.616604581862474,0.45711825797573497,1.3914361258426622,0.8480477911307719,6.474084167061529
6.0566264411447515,3530.2684877907323,143942.47483891706,9,0.8764440758752938,0.5182603666763922,0.6129441748656059,0.4068831441597932,1.904673760825491,0.8399639802821826,-0.2628220716437963
21.037194404971512,8526.315454209818,47648.81771148455,11,0.6429255636142532,0.597274072430341,0.29883588633731384,0.05445917092336572,1.814157788897064,0.8326804693470432,19.70555738163873
12.215325042715584,721.0833894903458,141190.51501937932,15,0.7039461351385095,0.5250315008602682,0.9352018152994597,0.07449592798509735,0.9166289356238917,0.011031614262465794,6.405709685364975
28.165169673365302,8237.45058459489,89053.95516954458,24,0.9106240035403039,0.2602333679515273,0.9473504626310387,0.2633118986344798,1.7771729563268979,0.7495454844688882,4.63606422121978
4.988107380233805,3177.6203603472995,60989.326595875,38,0.6247612710432511,0.5152479243147259,0.6253046602139478,0.12303482939899912,0.5004987591807342,0.7586763901110049,3.4016925447572306
10.890924180457496,1622.5658624057344,85096.29074859136,35,0.3358658571498351,0.49118634086862656,0.7834227259416147,0.23834773752057958,0.5265317144198858,0.6783788228551418,5.423138564984189
4.290732115977083,7119.003070959431,147603.90903425723,30,0.8251073314226598,0.9963357758067243,0.612257985881158,0.1971826619091751,1.4038297457642974,0.7562646578914526,8.384412959988223
27.81611493007832,6474.957044408898,89114.17127914436,31,0.3630592121950905,0.8974361480462039,0.4843984475740406,0.27470711921522667,1.0471973287167942,0.8419703714967087,23.033708844213766
26.44284124804845,8835.984128507003,69450.19323450098,49,0.03422811082052912,0.4633807482156199,0.6608201182992507,0.37343785806791135,1.0796912617387207,0.47031905410178565,16.43110793290489
8.480307203739512,7483.174916136915,106008.10251800709,5,0.8306545065652498,0.6229373829351187,0.5530014525919584,0.3577454535496372,1.3466616360183237,0.5020502134884471,5.242674302988376
20.139537334991193,8133.068838656061,58817.47425338317,44,0.3451921448812756,0.7478716040922285,0.5974758626319301,0.2606170662426672,0.7876736833877909,0.12471405691139048,18.36357991988122
24.69944380583526,3179.3284394274115,39103.59937303967,14,0.7738345232013403,0.03486516023382491,0.7838325534188619,0.41119670940852904,0.8176330259982175,0.3853758830473618,-0.4446766164695357
17.100823536384407,2185.6756659073667,45465.566629277906,11,0.36275789466594544,0.8949214412278399,0.48090383144898485,0.21543104576901667,1.226902380528297,0.6433651799117843,24.033044106244223
16.35986677232419,7630.840140588154,45365.50067493269,9,0.8610680199747216,0.8601268164179238,0.040754106092472764,0.4483571449200612,1.6313803165157945,0.7803997761472745,20.66985310332775
8.0137164361131,8164.930023039008,48228.32322147532,34,0.2195105250809587,0.4574320977737073,0.16399948098949724,0.035640135027581954,1.4292466271113815,0.21720909769121055,15.093088453862123
3.6999802663710772,9909.798849006396,46659.26071792922,12,0.9745472651988699,0.3911697660803798,0.4386072164895384,0.47733001501665373,0.9460325723552583,0.1378228991592354,-1.7295618031349398
27.019256980646475,4419.867930658551,106904.96937638575,35,0.7797587747880308,0.27295937485631494,0.7248265598740583,0.3273465407156741,1.1455057662633819,0.6630420045004922,0.8577331168073905
27.112123657736582,4034.17181503144,51825.61012789738,35,0.11423792592039683,0.4766768283303684,0.5932786483101787,0.19003725446860265,0.7559971378249977,0.0018798835249106416,23.07908676377486
19.35994226092477,7875.92312704897,71480.07399886358,1,0.5657766199665605,0.04437666353323677,0.6502941858734539,0.09857706328643867,0.6119447215056226,0.17837258430732983,3.9226178702986205
10.831863940412319,3737.6336324036697,137614.6091887214,40,0.9853673122417347,0.8521935333470078,0.4792789285762873,0.23959161472179996,1.674044061116224,0.029071380343953734,10.134236960261934
11.127077663767166,9342.194593233864,86875.39683154468,22,0.4710654526938144,0.03542236841854507,0.6157420219422428,0.09727916159265049,0.8980811137822919,0.16688511785487092,1.1565707150533306
22.052714687236943,8654.921142508612,110106.92862252326,29,0.18210713882158325,0.329051365369871,0.3290174378146622,0.08316580387157108,0.7666495817768724,0.18131927992550523,14.26078051317244
27.016197538624734,4575.443260062674,50678.38454419558,8,0.48477836715034617,0.9315894883189899,0.47018259269666507,0.3086758787064871,1.537427083353979,0.3876735947503942,31.219945846817062
26.7255063036884,7633.275144019225,53074.68225704049,11,0.5124576558819216,0.7352126545234527,0.7442790655949556,0.26154236229089234,1.427077511430779,0.40232712468655596,22.980296228204693
23.616390829871094,7668.157303804483,34904.23395197746,41,0.7416869442286655,0.28139096057752677,0.8718327789731212,0.33504801730547085,1.4497844390201962,0.8742624706102378,2.831379114168651
